<?xml version="1.0" encoding="UTF-8"?><labels xmlns="http://mulan.sourceforge.net/labels">
<label name="y0"> </label>
<label name="y1"> </label>
<label name="y2"> </label>
<label name="y3"> </label>
<label name="y4"> </label>
<label name="y5"> </label>
<label name="y6"> </label>
<label name="y7"> </label>
<label name="y8"> </label>
<label name="y9"> </label>
<label name="y10"> </label>
<label name="y11"> </label>
<label name="y12"> </label>
<label name="y13"> </label>
<label name="y14"> </label>
<label name="y15"> </label>
<label name="y16"> </label>
<label name="y17"> </label>
<label name="y18"> </label>
<label name="y19"> </label>
<label name="y20"> </label>
<label name="y21"> </label>
<label name="y22"> </label>
<label name="y23"> </label>
<label name="y24"> </label>
<label name="y25"> </label>
<label name="y26"> </label>
<label name="y27"> </label>
<label name="y28"> </label>
<label name="y29"> </label>
<label name="y30"> </label>
<label name="y31"> </label>
<label name="y32"> </label>
<label name="y33"> </label>
<label name="y34"> </label>
<label name="y35"> </label>
<label name="y36"> </label>
<label name="y37"> </label>
<label name="y38"> </label>
<label name="y39"> </label>
<label name="y40"> </label>
<label name="y41"> </label>
<label name="y42"> </label>
<label name="y43"> </label>
<label name="y44"> </label>
<label name="y45"> </label>
<label name="y46"> </label>
<label name="y47"> </label>
<label name="y48"> </label>
<label name="y49"> </label>
</labels>
